{
  "loss": 0.27912637591362,
  "val_loss": 0.3199850916862488,
  "epoch": 19,
  "global_step": 20
}