{
  "loss": 0.6922422051429749,
  "val_loss": 0.6714341044425964,
  "epoch": 19,
  "global_step": 20
}