{
  "loss": 0.6499295830726624,
  "val_loss": 0.6272804737091064,
  "epoch": 19,
  "global_step": 20
}