{
  "loss": 0.6713463068008423,
  "val_loss": 0.6500316858291626,
  "epoch": 19,
  "global_step": 20
}