{
  "loss": 0.7006750702857971,
  "val_loss": 0.6794490814208984,
  "epoch": 19,
  "global_step": 20
}