{
  "threshold": 0.982795238494873,
  "AUROC": 0.694865692038263,
  "AUPRC": 0.5900926416855279,
  "F1": 0.14502369668246445,
  "precision": 0.6455696202531646,
  "recall": 0.08168713294180459
}