{
  "threshold": 0.9886691719293593,
  "AUROC": 0.7000683485046147,
  "AUPRC": 0.5921753428145807,
  "F1": 0.13072519083969467,
  "precision": 0.6143497757847534,
  "recall": 0.07314468766684463
}