{
  "threshold": 0.3466211408376694,
  "AUROC": 0.8504218482711974,
  "AUPRC": 0.8331657071502833,
  "F1": 0.7498528546203649,
  "precision": 0.8354098360655737,
  "recall": 0.6801922050186866
}