{
  "loss": 0.7254477143287659,
  "val_loss": 0.7043261528015137,
  "epoch": 19,
  "global_step": 20
}